Job ID,Job Title,Company,Location,Remote,Salary,Job Type,Rating,Reviews,Posted,Benefits,Skills (detected),Apply Link,Description
aa7b3e828b89c12f,Associate Data Analyst,The Walt Disney Company (Corporate),"Lake Buena Vista, FL",No,,,4.0,5158,Just posted,,"python, sql, excel, machine learning",https://www.indeed.com/applystart?jk=aa7b3e828b89c12f&from=mobvj&mvj=1&asub=mob&mobvjtk=1j51p21ejge7c800&astse=7caf1b0c52abe0e6&assa=1831&params=mobvjtk=1j51p21ejge7c800&jk=aa7b3e828b89c12f,"The Enterprise Technology mission is to deliver technology solutions that align to business strategies while enabling enterprise efficiency and promoting cross-company collaborative innovation. The Enterprise Technology organization drives competitive advantage by enhancing our consumer experiences, enabling business growth, and advancing operational excellence. This role is part of the End-user and Technical Operations organization. Our mission is to deliver world-class operational support of a..."
f0d0cd90870a1d3d,Salesforce Business Analyst,Roku,"New York, NY 10036",No,"$125,000 - $140,000 a year",,3.1,28,Just posted,,excel,https://www.indeed.com/applystart?jk=f0d0cd90870a1d3d&from=mobvj&mvj=1&asub=mob&mobvjtk=1j51p33pogd1k800&astse=5c0fe6c6c3f14008&assa=7011&params=mobvjtk=1j51p33pogd1k800&jk=f0d0cd90870a1d3d,"Teamwork makes the stream work. Roku is changing how the world watches TV Roku is the #1 TV streaming platform in the U.S., Canada, and Mexico, and we've set our sights on powering every television in the world. Roku pioneered streaming to the TV. Our mission is to be the TV streaming platform that connects the entire TV ecosystem. We connect consumers to the content they love, enable content publishers to build and monetize large audiences, and provide advertisers unique capabilities to engage ..."
9ad3cc6e52ac83a6,Business Analyst Associate,General Dynamics Information Technology,"Springfield, VA 22150",No,"$56,950 - $77,050 a year",Full-time,3.7,5796,Just posted,,excel,https://www.indeed.com/applystart?jk=9ad3cc6e52ac83a6&from=mobvj&mvj=1&asub=mob&mobvjtk=1j51p2tnq21eo000&astse=f906e8ff302393c5&assa=790&params=mobvjtk=1j51p2tnq21eo000&jk=9ad3cc6e52ac83a6,"Type of Requisition: Pipeline Clearance Level Must Currently Possess: None Clearance Level Must Be Able to Obtain: Top Secret SCI + Polygraph Public Trust/Other Required: None Job Family: Program Delivery and Execution Job Qualifications: Skills: Business Operations, Logistics, Office Administration Certifications: None Experience: 0 + years of related experience US Citizenship Required: Yes Job Description: Seize your opportunity to make a personal impact as a Business Analyst Associate support..."
28feaed477a58be3,Senior Business Analyst,The Woman's Hospital of Texas,"Houston, TX 77054",No,,Full-time,3.5,2101,Just posted,,,https://www.indeed.com/viewjob?jk=28feaed477a58be3,"Introduction This Work from Home position requires that you live and will perform the duties of the position; within 60 miles of an HCA Healthcare Hospital (Our hospitals are located in the following states: FL, GA, ID, KS, KY, MO, NV, NH, NC, SC, TN, TX, UT, VA). Do you want to join an organization that invests in you as a Senior Business Analyst? At Parallon, you come first. HCA Healthcare has committed up to $300 million in programs to support our incredible team members over the course of th..."
39d3195a7eb7b579,Energy Analyst,Amazon.com Services LLC,"Arlington, VA",No,"$50,200 - $107,400 a year",Full-time,3.5,53879,Just posted,,"python, sql, excel, aws",https://www.indeed.com/applystart?jk=39d3195a7eb7b579&from=mobvj&mvj=1&asub=mob&mobvjtk=1j51p2vsm200u002&astse=da718868cec2f28c&assa=3038&params=mobvjtk=1j51p2vsm200u002&jk=39d3195a7eb7b579,"DESCRIPTION Are you passionate about making an impact in the energy industry? We are looking for a results-oriented individual to join the AWS Energy Team. In this role, you will help support the procurement, delivery, and reporting of power for data centers in an effort to create a diverse, clean, and low-cost energy portfolio. The optimal candidate will have a results orientated approach, analytical skill set, and strong financial acumen. Key job responsibilities Own the analysis of the energy..."
ac60a5202bbf5a18,Energy Analyst,"Concentric Energy Advisors, Inc.","Marlborough, MA 01752",No,"$93,000 a year",Full-time,4.0,4,Just posted,,excel,https://www.indeed.com/viewjob?jk=ac60a5202bbf5a18,"Job Title: Energy Analyst Job Location: Marlborough, MA headquarters 2025 Wages/Salary: $93,000 plus annual incentive compensation bonus Entry-Level position Company Description: Concentric Energy Advisors, Inc. (www.ceadvisors.com) (“Concentric"") is an employee-owned leading management consulting and financial advisory firm focused on the North American energy and utility industries. Concentric specializes in financial advisory assignments; market assessment and strategy development; ratemaking..."
bb246d3c40573926,Business Analyst (Hybrid Position),Ho2 Systems LLC,"Austin, TX",No,,,0.0,0,Just posted,,,https://www.indeed.com/viewjob?jk=bb246d3c40573926,"Job Summary: We are seeking an experienced Business Analyst to provide senior-level analysis, documentation, and guidance in support of the Business Automation and Social Services Applications (SSA) division. This role involves reviewing and evaluating business systems and user needs, formulating systems that align with overall business strategies, and ensuring policies and procedures are effectively translated into system functionality. The ideal candidate will be highly skilled in business pro..."
dd3823fbb0aad8ec,"Senior Daepartment Data Analyst, Graduate School Dean's Office",UT Southwestern,"Dallas, TX 75390",No,,Full-time,3.8,1639,Just posted,,excel,https://www.indeed.com/applystart?jk=dd3823fbb0aad8ec&from=mobvj&mvj=1&asub=mob&mobvjtk=1j51p30mmgqle800&astse=5e5747e535460280&assa=3824&params=mobvjtk=1j51p30mmgqle800&jk=dd3823fbb0aad8ec,"WHY UT SOUTHWESTERN? With over 75 years of excellence in Dallas-Fort Worth, Texas, UT Southwestern is committed to excellence, innovation, teamwork, and compassion. As a world-renowned medical and research center, we strive to provide the best possible care, resources, and benefits for our valued employees. Ranked as the number 1 hospital in Dallas-Fort Worth according to U.S. News & World Report , we invest in you with opportunities for career growth and development to align with your future go..."
e41da51a6c30d3b5,Business Analyst,Amazon.com Services LLC,"Bellevue, WA 98006",No,"$50,200 - $107,400 a year",Full-time,3.5,53879,Just posted,,"python, java, sql, excel",https://www.indeed.com/applystart?jk=e41da51a6c30d3b5&from=mobvj&mvj=1&asub=mob&mobvjtk=1j51p30s0200u00p&astse=692378a3a86668b9&assa=4034&params=mobvjtk=1j51p30s0200u00p&jk=e41da51a6c30d3b5,"DESCRIPTION Business Analysts are responsible for converting data into actionable business insights. They are analysis experts who leverage a variety of data platforms and analytical tools to provide timely, meaningful, and consumable information. They build deep contextual and domain knowledge. They ensure data quality and build scalable tools. They communicate findings with the most effective and influential methods. Amazon is seeking an exemplary Business Analyst with broad technical skills t..."
fe1b62af298c779e,Product Analyst II - Commercial Auto,Preferred Mutual Insurance Company,Remote,Yes,"$78,000 - $110,000 a year",Full-time,3.5,40,Just posted,,excel,https://www.indeed.com/applystart?jk=fe1b62af298c779e&from=mobvj&mvj=1&asub=mob&mobvjtk=1j51p31c8ge5l80f&astse=6a6ab7dac9e37810&assa=4529&params=mobvjtk=1j51p31c8ge5l80f&jk=fe1b62af298c779e,"Please note, employment offered to residents in the following states only: Connecticut, Delaware, Massachusetts, Maryland, Maine, New Hampshire, New Jersey, New York, Pennsylvania, Rhode Island, Vermont. Please note: This is not a Data Analyst position At Preferred, we understand the importance of holistic health. To meet the diverse needs of our employees, we offer a comprehensive set of benefits: Financial Short-term disability, long-term disability, and life insurance coverage are provided at..."
8b2f6edf2bb0a17e,Business Analyst,Amazon.com Services LLC,"Austin, TX",No,"$66,900 - $143,100 a year",Full-time,3.5,53879,Just posted,,"python, java, sql, excel",https://www.indeed.com/applystart?jk=8b2f6edf2bb0a17e&from=mobvj&mvj=1&asub=mob&mobvjtk=1j51p338j20tr000&astse=a8a910675b8c1a5f&assa=6516&params=mobvjtk=1j51p338j20tr000&jk=8b2f6edf2bb0a17e,"DESCRIPTION Business Analysts are responsible for converting data into actionable business insights. They are analysis experts who leverage a variety of data platforms and analytical tools to provide timely, meaningful, and consumable information. They build deep contextual and domain knowledge. They ensure data quality and build scalable tools. They communicate findings with the most effective and influential methods. Amazon is seeking an exemplary Business Analyst with broad technical skills t..."
92d6eea7fb20e5a7,"Sr. Analyst, Data Governance","Navitus Health Solutions, LLC",United States,No,"$82,586 - $101,333 a year",Full-time,3.1,110,Just posted,,"python, sql, excel, aws",https://www.indeed.com/applystart?jk=92d6eea7fb20e5a7&from=mobvj&mvj=1&asub=mob&mobvjtk=1j51p3314gefe80i&astse=9d4adfe9b417b0d3&assa=6283&params=mobvjtk=1j51p3314gefe80i&jk=92d6eea7fb20e5a7,"Company: Navitus About Us: Navitus - Putting People First in Pharmacy - Navitus was founded as an alternative to traditional pharmacy benefit manager (PBM) models. We are committed to removing cost from the drug supply chain to make medications more affordable for the people who need them. At Navitus, our team members work in an environment that celebrates diversity, fosters creativity and encourages growth. We welcome new ideas and share a passion for excellent service to our customers and each..."
18c640c87fe1b45b,Research Data Analyst,University of California San Francisco,"San Francisco, CA 94143",No,"$69,000 - $100,200 a year",Part-time,4.1,519,Just posted,,excel,https://www.indeed.com/applystart?jk=18c640c87fe1b45b&from=mobvj&mvj=1&asub=mob&mobvjtk=1j51p32obg1a0807&astse=1edfceee7e09e5ea&assa=5985&params=mobvjtk=1j51p32obg1a0807&jk=18c640c87fe1b45b,"***This is a limited part-time 37.5% position with an End Date: 3 months from start date. Works on research data reporting assignments that are of moderate diversity in scope. Exercises judgment within generally defined practices and policies in selecting methods and techniques for obtaining solutions. This position involves gathering, analyzing, and interpreting a wide variety of research data to advance equity-focused healthcare interventions. Under supervision, the Research Data Analyst will ..."
d8fbcef99fb61fae,"AIML - Financial Analyst, Data Operations",Apple,"Austin, TX",No,"$110,500 - $166,100 a year",,4.1,13835,Just posted,,excel,https://www.indeed.com/applystart?jk=d8fbcef99fb61fae&from=mobvj&mvj=1&asub=mob&mobvjtk=1j51p22qs21ea001&astse=11db8d2b876bb71e&assa=3238&params=mobvjtk=1j51p22qs21ea001&jk=d8fbcef99fb61fae,"Imagine what you could do here. At Apple, new ideas have a way of becoming extraordinary products, services, and customer experiences very quickly. Apple values integrity, accountability, teamwork, and proactive thinking, encouraging everyone to bring their unique ideas forward. Bring passion and dedication to your job and there's no telling what you could accomplish. Description This is an opportunity to join the AIML Data Operations Business planning team as a Sr. Financial Analyst in a fast p..."
951c06e33db21c68,"Analyst, Revenue Operations",A2Z Sync,"Greenwood Village, CO",No,"$75,000 - $95,000 a year",Full-time,0.0,0,Just posted,,"sql, excel",https://www.indeed.com/viewjob?jk=951c06e33db21c68,"We’re growing again and looking for an Analyst, Revenue Operations to join our team at A2Z Sync! Who We Are At A2Z Sync, we’re revolutionizing the automotive industry by transforming the car-buying journey into a seamless, transparent, and customer-first experience. Our innovative platform empowers dealerships with cutting-edge tools to thrive in a rapidly evolving market. Through strategic initiatives, including our groundbreaking partnership with Amazon, we’re redefining how the industry opera..."
926f841e220b885c,Data Quality Senior Analyst,Citi,"Irving, TX",No,"$96,400 - $144,600 a year",Full-time,3.9,20345,Just posted,,"sql, excel, aws",https://www.indeed.com/applystart?jk=926f841e220b885c&from=mobvj&mvj=1&asub=mob&mobvjtk=1j51p35fj2h24000&astse=fc919c19a68f58a9&assa=8750&params=mobvjtk=1j51p35fj2h24000&jk=926f841e220b885c,"Data Quality Senior Analyst (Assistant Vice President) - Hybrid The Data Quality Senior Analyst (C12) helps to ensure data sourced and provisioned by different areas, meets all required Data Quality standards. In this role, moderately complex and variable issues are evaluated with substantial potential impact, where development of an approach/taking of an action involves weighing various alternatives and balancing potentially conflicting situations using multiple sources of information. The Data..."
9c6b052fab174c56,"Analyst II, Lottery Analytics",DraftKings,"Boston, MA 02298",No,"$76,800 - $96,000 a year",Full-time,3.6,56,Just posted,,"sql, excel",https://www.indeed.com/applystart?jk=9c6b052fab174c56&from=mobvj&mvj=1&asub=mob&mobvjtk=1j51p35it209f000&astse=cb2255131869a351&assa=8866&params=mobvjtk=1j51p35it209f000&jk=9c6b052fab174c56,"At DraftKings, AI is becoming an integral part of both our present and future, powering how work gets done today, guiding smarter decisions, and sparking bold ideas. It’s transforming how we enhance customer experiences, streamline operations, and unlock new possibilities. Our teams are energized by innovation and readily embrace emerging technology. We’re not waiting for the future to arrive. We’re shaping it, one bold step at a time. To those who see AI as a driver of progress, come build the ..."
8573572b677a805d,Senior Analyst - People Analytics,Remote,"Wyomissing, PA",No,"From $75,000 a year",Full-time,4.3,63,Just posted,,"python, sql, excel",https://www.indeed.com/viewjob?jk=8573572b677a805d,"WE’RE CHANGING ENTERTAINMENT. COME JOIN US.: We’re always looking for talent that believes in having fun. At PENN Entertainment, you’ll get to be a part of an exciting industry, where the days and nights are fast-paced. You’ll work with an incredibly diverse set of co-workers driven by their enthusiasm for helping people find and have more fun. You’ll also get to work at a company that cares about your career growth and will help you get the support you need to expand your possibilities. Click H..."
afcf93447523907a,Data Analyst I,Principal Financial Group,"Des Moines, IA 50392",No,"$60,000 - $89,000 a year",Full-time,3.8,812,Just posted,,"python, sql, excel",https://www.indeed.com/applystart?jk=afcf93447523907a&from=mobvj&mvj=1&asub=mob&mobvjtk=1j51p36q7iud1803&astse=4d78e14aa9d3f453&assa=148&params=mobvjtk=1j51p36q7iud1803&jk=afcf93447523907a,"What You'll Do: We are excited to announce an opening for a Data Analyst within our Data Strategy and Analytics team in Private Markets. This role is focused on enabling business processes through data-driven insights and creating efficiencies across our investment teams. A candidate that is curious, adaptable, and eager to learn in a fast-paced environment will be successful in this role. You’ll have the opportunity to: Effectively mine data sources and provide relevant information in an easily..."
cfc802b0a28256f2,"Business Analyst, Amazon Logistics, AMZL S&OP Planning",Amazon.com Services LLC,"Austin, TX",No,"$66,900 - $143,100 a year",Full-time,3.5,53879,Just posted,,"python, sql, excel",https://www.indeed.com/applystart?jk=cfc802b0a28256f2&from=mobvj&mvj=1&asub=mob&mobvjtk=1j51p376hgefe81e&astse=a731c2d46f6991f0&assa=476&params=mobvjtk=1j51p376hgefe81e&jk=cfc802b0a28256f2,"DESCRIPTION Amazon Logistics (AMZL) is seeking an experienced candidate to identify, create, develop and integrate innovative solutions and programs that lead to improvements in our last mile delivery network. This position will lead the development and execution of new worldwide transportation initiatives designed to improve overall efficiency and meet the ever-growing demand for last mile capacity. The successful candidate will have strong data mining and modeling skills and is comfortable fac..."
152214a45e79345f,Business Analyst,Amazon.com Services LLC,"Nashville, TN 37211",No,"$50,200 - $107,400 a year",Full-time,3.5,53879,Just posted,,"python, java, sql, excel",https://www.indeed.com/applystart?jk=152214a45e79345f&from=mobvj&mvj=1&asub=mob&mobvjtk=1j51p38l6g1b4805&astse=12008f3cfcc89212&assa=2017&params=mobvjtk=1j51p38l6g1b4805&jk=152214a45e79345f,"DESCRIPTION Business Analysts are responsible for converting data into actionable business insights. They are analysis experts who leverage a variety of data platforms and analytical tools to provide timely, meaningful, and consumable information. They build deep contextual and domain knowledge. They ensure data quality and build scalable tools. They communicate findings with the most effective and influential methods. Amazon is seeking an exemplary Business Analyst with broad technical skills t..."
78400fff337ff913,Energy Analyst,Amazon.com Services LLC,"Seattle, WA",No,"$50,200 - $107,400 a year",Full-time,3.5,53879,Just posted,,"python, sql, excel, aws",https://www.indeed.com/applystart?jk=78400fff337ff913&from=mobvj&mvj=1&asub=mob&mobvjtk=1j51p35g0ge5l802&astse=a82e9558d53da448&assa=8747&params=mobvjtk=1j51p35g0ge5l802&jk=78400fff337ff913,"DESCRIPTION Are you passionate about making an impact in the energy industry? We are looking for a results-oriented individual to join the AWS Energy Team. In this role, you will help support the procurement, delivery, and reporting of power for data centers in an effort to create a diverse, clean, and low-cost energy portfolio. The optimal candidate will have a results orientated approach, analytical skill set, and strong financial acumen. Key job responsibilities Own the analysis of the energy..."
88e12824aacb92dd,Data Analyst,Govcio LLC,Remote,Yes,"$88,000 - $93,000 a year",Full-time,3.8,32,Just posted,,,https://www.indeed.com/applystart?jk=88e12824aacb92dd&from=mobvj&mvj=1&asub=mob&mobvjtk=1j51p38stgc1d8en&astse=ec45c2f89efffe7c&assa=2252&params=mobvjtk=1j51p38stgc1d8en&jk=88e12824aacb92dd,"Overview: GovCIO is currently hiring for an ENTR Analyst. This position will be a fully remote position. Responsibilities: Duties to include but not limited to the following: Possesses and applies expertise on multiple complex work assignments. Assignments may be broad in nature, requiring originality and innovation in determining how to accomplish tasks. Operates with appreciable latitude in developing methodology and presenting solutions to problems. Contributes to deliverables and performance..."
143630ed1a139a67,"Senior Business Analyst, RISC GDA",Amazon.com Services LLC,"Arlington, VA",No,"$106,400 - $185,000 a year",Full-time,3.5,53879,Just posted,,"python, sql, excel, aws",https://www.indeed.com/applystart?jk=143630ed1a139a67&from=mobvj&mvj=1&asub=mob&mobvjtk=1j51p39hgj0oh800&astse=2531640783d29368&assa=2926&params=mobvjtk=1j51p39hgj0oh800&jk=143630ed1a139a67,"DESCRIPTION At Amazon, our goal is to be earth’s most customer-centric company and to create a safe environment for both our customers and our associates. To achieve that, we need exceptionally talented, bright, dynamic, and driven people. If you'd like to help us build the place to find and buy anything online, this is your chance to make history. We are looking for a talented business analyst to join the Regulatory Intelligence, Safety & Compliance [RISC] Global Data & Analytics [GDA] team. Th..."
0e45c6c3d760cc45,"Business Analyst II, Selling Partner Services",Amazon.com Services LLC,"Seattle, WA",No,"$66,900 - $143,100 a year",Full-time,3.5,53879,Just posted,,"sql, excel",https://www.indeed.com/applystart?jk=0e45c6c3d760cc45&from=mobvj&mvj=1&asub=mob&mobvjtk=1j51p2ta3209f000&astse=84d48ac1cb886f56&assa=409&params=mobvjtk=1j51p2ta3209f000&jk=0e45c6c3d760cc45,"DESCRIPTION Business Analysts are responsible for converting data into actionable business insights. They are experts in analysis and leverage a variety of data platforms and analytical tools. They provide timely, meaningful, and consumable information. They build deep contextual and domain knowledge. They ensure data quality and build scalable tools. They communicate findings with the most effective and influential methods. Amazon Selling Partner Services(SPS) is looking for a (Senior) Business..."
6c543fea39f1ff6e,Senior Data Analyst/BI DEV-RAD,Mayo Clinic,"Jacksonville, FL 32224",No,"$91,561 - $137,384 a year",Full-time,3.8,3433,Just posted,,"sql, excel",https://www.indeed.com/applystart?jk=6c543fea39f1ff6e&from=mobvj&mvj=1&asub=mob&mobvjtk=1j51p2sve222h00d&astse=62188df8ba14ef8c&assa=34&params=mobvjtk=1j51p2sve222h00d&jk=6c543fea39f1ff6e,"Why Mayo Clinic Mayo Clinic is top-ranked in more specialties than any other care provider according to U.S. News & World Report. As we work together to put the needs of the patient first, we are also dedicated to our employees, investing in competitive compensation and comprehensive benefit plans – to take care of you and your family, now and in the future. And with continuing education and advancement opportunities at every turn, you can build a long, successful career with Mayo Clinic. Benefi..."
48704020510c8b24,"Business Analyst, TOM Analytics and Insights, TOM Analytics and Insights",Amazon.com Services LLC,"Nashville, TN 37211",No,"$66,900 - $143,100 a year",Full-time,3.5,53879,Just posted,,"sql, excel",https://www.indeed.com/applystart?jk=48704020510c8b24&from=mobvj&mvj=1&asub=mob&mobvjtk=1j51p2t5ki9df805&astse=000cd27d91d1bc74&assa=258&params=mobvjtk=1j51p2t5ki9df805&jk=48704020510c8b24,"DESCRIPTION Amazon's Transportation Operations Management (TOM) team is seeking an analytical and customer-obsessed Business Analyst to transform complex operational data into actionable insights that drive strategic decision-making. You will partner with cross-functional teams to optimize yard operations, improve infrastructure planning, and enhance the overall transportation network efficiency through data-driven solutions. Key job responsibilities Build and maintain automated reporting system..."
bbb83945514e317e,"Senior Business Analyst, RISC GDA",Amazon.com Services LLC,"San Diego, CA",No,"$106,400 - $185,000 a year",Full-time,3.5,53879,Just posted,,"python, sql, excel, aws",https://www.indeed.com/applystart?jk=bbb83945514e317e&from=mobvj&mvj=1&asub=mob&mobvjtk=1j51p2rrbgh9e800&astse=607c2f66507aacc1&assa=8852&params=mobvjtk=1j51p2rrbgh9e800&jk=bbb83945514e317e,"DESCRIPTION At Amazon, our goal is to be earth’s most customer-centric company and to create a safe environment for both our customers and our associates. To achieve that, we need exceptionally talented, bright, dynamic, and driven people. If you'd like to help us build the place to find and buy anything online, this is your chance to make history. We are looking for a talented business analyst to join the Regulatory Intelligence, Safety & Compliance [RISC] Global Data & Analytics [GDA] team. Th..."
56dbe6ee61a95861,Business Analyst,Soft Tech Consulting,"Washington, DC",No,,Full-time,4.3,12,Just posted,,excel,https://www.indeed.com/applystart?jk=56dbe6ee61a95861&from=mobvj&mvj=1&asub=mob&mobvjtk=1j51p2560gqle803&astse=b1a0935133b46a4c&assa=5650&params=mobvjtk=1j51p2560gqle803&jk=56dbe6ee61a95861,"Overview: MUST BE US CITIZEN MUST BE IN THE NATIONAL CAPITAL REGION; RETURN TO 100% ONSITE ANTICIPATED IN THE NEAR FUTURE MUST BE ABLE TO OBTAIN PUBLIC TRUST SALARY IS DEPENDENT UPON THE CANDIDATE’S SKILLS, EXPERIENCE, EDUCATION AND CERTIFICATIONS SALARY RANGE: HIGH END OF THE SALARY RANGE IS CONSIDERED FOR THOSE WHO EXCEED QUALIFICATIONS IN A REQUIRED AREA Soft Tech offers competitive BENEFITS in the areas of: MEDICAL, DENTAL, VISION, 401K, Short Term Disability, Long Term Disability, Life Insu..."
cda63988c71273e2,"Sr Analyst, Business Strategy - Enterprise Projects",T-Mobile,"Overland Park, KS 66251",No,"$73,100 - $131,900 a year",Full-time,3.7,28624,Just posted,,,https://www.indeed.com/applystart?jk=cda63988c71273e2&from=mobvj&mvj=1&asub=mob&mobvjtk=1j51p2667gefe80a&astse=721c4f3b2b395114&assa=6706&params=mobvjtk=1j51p2667gefe80a&jk=cda63988c71273e2,"At T-Mobile, we invest in YOU! Our Total Rewards Package ensures that employees get the same big love we give our customers. All team members receive a competitive base salary and compensation package - this is Total Rewards. Employees enjoy multiple wealth-building opportunities through our annual stock grant, employee stock purchase plan, 401(k), and access to free, year-round money coaches. That’s how we’re UNSTOPPABLE for our employees! *This position is required to work on a hybrid schedule..."
4ad9048dac9aeb97,Senior Business Analyst - Cybersecurity Service Delivery Team,"Fiserv, Inc.","Columbus, OH 43240",No,"$90,000 - $158,400 a year",Full-time,3.3,7030,Just posted,,excel,https://www.indeed.com/applystart?jk=4ad9048dac9aeb97&from=mobvj&mvj=1&asub=mob&mobvjtk=1j51p28s6gc1d805&astse=b07cb7cd7b2431c5&assa=9417&params=mobvjtk=1j51p28s6gc1d805&jk=4ad9048dac9aeb97,"Calling all innovators - find your future at Fiserv. We're Fiserv, a global leader in Fintech and payments, and we move money and information in a way that moves the world. We connect financial institutions, corporations, merchants and consumers to one another millions of times a day - quickly, reliably, and securely. Any time you swipe your credit card, pay through a mobile app, or withdraw money from the bank, we're involved. If you want to make an impact on a global scale, come make a differe..."
10b8f68fd8159016,Financial Reporting Analyst,10Decoders,"Spartanburg, SC 29306",No,"$70,000 - $90,000 a year",Full-time,0.0,0,Just posted,,excel,https://www.indeed.com/viewjob?jk=10b8f68fd8159016,"Job Title: Financial Reporting Analyst Location: Charlotte, NC (Onsite) Employment Type: Full-Time, Onsite About the Role We are seeking a detail-oriented Financial Reporting Analyst to join our growing finance team in Charlotte, NC. This full-time onsite position is responsible for preparing and analyzing financial statements, ensuring compliance with GAAP/IFRS, and supporting internal and external reporting requirements. The ideal candidate has strong technical accounting skills, excellent att..."
7ea8e91559f2d2b5,Manager Data Analytics,Disney Direct to Consumer,"Santa Monica, CA",No,"$138,900 - $195,000 a year",,1.0,1,Just posted,,"python, sql, excel",https://www.indeed.com/applystart?jk=7ea8e91559f2d2b5&from=mobvj&mvj=1&asub=mob&mobvjtk=1j51p2areh71q801&astse=52511e19ff004e4e&assa=1516&params=mobvjtk=1j51p2areh71q801&jk=7ea8e91559f2d2b5,"About Direct To Consumer (DTC) Disney Streaming Direct To Consumer (DTC) is seeking an experienced and strategic Manager, Product & Technology Analytics to join our Product Performance and Forensics Analytics team. This team plays a critical role in evaluating product health, ensuring data integrity, and delivering actionable insights that influence product development and executive decision-making. You will lead a team of analysts responsible for assessing and improving browse telemetry data qu..."
249da2dacdbd7fa7,Senior Data Analyst,"Fiserv, Inc.","Alpharetta, GA 30004",No,,Full-time,3.3,7030,Just posted,,"python, sql",https://www.indeed.com/applystart?jk=249da2dacdbd7fa7&from=mobvj&mvj=1&asub=mob&mobvjtk=1j51p2bsn200q000&astse=d8dedda4302ba5ac&assa=2528&params=mobvjtk=1j51p2bsn200q000&jk=249da2dacdbd7fa7,"Calling all innovators – find your future at Fiserv. We’re Fiserv, a global leader in Fintech and payments, and we move money and information in a way that moves the world. We connect financial institutions, corporations, merchants, and consumers to one another millions of times a day – quickly, reliably, and securely. Any time you swipe your credit card, pay through a mobile app, or withdraw money from the bank, we’re involved. If you want to make an impact on a global scale, come make a differ..."
7ca5758c3ae68fb0,Administrative Services Officer 4 - Housing Data Analyst,Metropolitan Government of Nashville & Davidson County,"Nashville, TN",No,"$75,733 - $87,094 a year",Full-time,3.2,53,Just posted,,excel,https://www.indeed.com/applystart?jk=7ca5758c3ae68fb0&from=mobvj&mvj=1&asub=mob&mobvjtk=1j51p2cirg1b4800&astse=7635a1f1223442be&assa=3216&params=mobvjtk=1j51p2cirg1b4800&jk=7ca5758c3ae68fb0,"Position Description The Administrative Services Officer 4 - Housing Data Analyst will report to the Senior Housing Policy Analyst or her designee and will work collaboratively with the Metro Housing team; Metro Planning colleagues; other Metro Departments; and the Metropolitan Development and Housing Agency. The Metropolitan Planning Department of Nashville and Davidson County is seeking a Data Analyst to join the Metro Housing Division within the Department. Established in January 2022, the Me..."
4e4140c75859e855,Business Analyst,Grossmont/Cuyamaca Community College District,"El Cajon, CA 92020",No,$40.79 - $51.01 an hour,Full-time,4.2,22,Just posted,,excel,https://www.indeed.com/applystart?jk=4e4140c75859e855&from=mobvj&mvj=1&asub=mob&mobvjtk=1j51p2d3pged0804&astse=dfef575182a935f8&assa=3784&params=mobvjtk=1j51p2d3pged0804&jk=4e4140c75859e855,"Business Analyst Salary: $40.79 - $51.01 Hourly Job Type: Full-Time Job Number: 25-042 Closing: 10/19/2025 11:59 PM Pacific Location: Throughout Grossmont-Cuyamaca Community College District, CA Division: District Wide OVERVIEW & HIGHLIGHTS The Grossmont-Cuyamaca Community College District is seeking a qualified individual as a Business Analyst . Under the direction of an assigned supervisor, understand academic and business operations, implement, monitor, maintain, and enhance functions of an o..."
a09b441aeeec4fad,Lead Data Governance Analyst,Disney Entertainment and ESPN Product & Technology,"Glendale, CA",No,"$138,900 - $186,200 a year",,0.0,0,Just posted,,"python, sql, excel, machine learning, aws",https://www.indeed.com/applystart?jk=a09b441aeeec4fad&from=mobvj&mvj=1&asub=mob&mobvjtk=1j51p2ed6g6m180l&astse=1022cb1deea25664&assa=5065&params=mobvjtk=1j51p2ed6g6m180l&jk=a09b441aeeec4fad,"Technology is at the heart of Disney’s past, present, and future. Disney Entertainment and ESPN Product & Technology is a global organization of engineers, product developers, designers, technologists, data scientists, and more – all working to build and advance the technological backbone for Disney’s media business globally. The team marries technology with creativity to build world-class products, enhance storytelling, and drive velocity, innovation, and scalability for our businesses. We are ..."
5978e3c86aa7c26f,Budget/Business Analyst,USC,"Los Angeles, CA",No,,Full-time,4.1,1169,Just posted,,"excel, aws",https://www.indeed.com/applystart?jk=5978e3c86aa7c26f&from=mobvj&mvj=1&asub=mob&mobvjtk=1j51p2c062ckl00c&astse=b1ffdc0bd61d13a3&assa=2653&params=mobvjtk=1j51p2c062ckl00c&jk=5978e3c86aa7c26f,"The USC Annenberg School Journalism Director's Office is seeking a highly experienced Budget/Business Analyst to join its high-performing team. The Budget/Business Analyst will provide support to the School of Journalism, Director's Office with the day-to-day financial processing for 45+ full-time faculty. General responsibilities include financial reconciliation, financial processing, troubleshooting financial issues and problems, and coordinating year-end financial transactions and closing act..."
7138d98d3a46d90f,"Analyst, Process Analytics Reporting & Technology (PART)",Apple,"Cupertino, CA",No,"$110,500 - $166,100 a year",,4.1,13835,Just posted,,"python, sql, excel",https://www.indeed.com/applystart?jk=7138d98d3a46d90f&from=mobvj&mvj=1&asub=mob&mobvjtk=1j51p2hr7gbr8800&astse=e56af26334d8af9d&assa=8605&params=mobvjtk=1j51p2hr7gbr8800&jk=7138d98d3a46d90f,"Imagine what you could do here. The people at Apple don’t just create products - they create the kind of wonder that’s revolutionized entire industries. It’s the diversity of those people and their ideas that inspires the innovation that runs through everything we do. Bring passion and dedication to your job and there’s no telling what you could accomplish! The Finance Process, Analytics, Reporting, and Technology (PART) team is looking for a passionate and highly motivated Senior Analyst. As pa..."
b8d0d5dfeb7bd953,Management Analyst III,HOUSTON AIRPORT SYSTEM,"Houston, TX",No,"$4,607.82 - $5,970.76 a month",Full-time,3.3,32,Just posted,,excel,https://www.indeed.com/applystart?jk=b8d0d5dfeb7bd953&from=mobvj&mvj=1&asub=mob&mobvjtk=1j51p2hcrg5j080k&astse=08f5c1871f1e1f77&assa=8156&params=mobvjtk=1j51p2hcrg5j080k&jk=b8d0d5dfeb7bd953,"Management Analyst III HOUSTON AIRPORT SYSTEM Houston, Texas United States Posted: Sep 13, 2025 Salary: $2,303.91 - $2,985.38 Biweekly USD Full Time Administrative Analysis and Research POSITION OVERVIEW Applications will be accepted from: All Persons Interested Division/ Section: George Bush Intercontinental Airport / Outsourced Maintenance Workdays & Hours: Monday - Friday 7:30am - 4:00pm (Subject to change) DESCRIPTION OF DUTIES/ESSENTIAL FUNCTIONS The purpose of the HAS Maintenance Division ..."
507f4e94406a3367,Business Analyst,Delta Point LLC,"Wright-Patterson AFB, OH 45433",No,,Full-time,5.0,1,Just posted,,sql,https://www.indeed.com/viewjob?jk=507f4e94406a3367,"Position Summary The Business Analyst will play a critical role in legacy system modernization projects by bridging the gap between business stakeholders and technical teams. This position focuses on documenting business rules, data flows, and interface requirements, ensuring that modernization efforts align with business needs and data integrity. The analyst will also support testing activities. Key Responsibilities Collaborate with business users and legacy system owners to gather and document..."
639f63e4d729580b,Principal Data Governance Analyst,Disney Entertainment and ESPN Product & Technology,"Glendale, CA",No,"$152,200 - $204,100 a year",,0.0,0,Just posted,,"python, sql, excel, machine learning, aws",https://www.indeed.com/applystart?jk=639f63e4d729580b&from=mobvj&mvj=1&asub=mob&mobvjtk=1j51p2jfcgbr8802&astse=91d0e558f67a7d9e&assa=274&params=mobvjtk=1j51p2jfcgbr8802&jk=639f63e4d729580b,"Technology is at the heart of Disney’s past, present, and future. Disney Entertainment and ESPN Product & Technology is a global organization of engineers, product developers, designers, technologists, data scientists, and more – all working to build and advance the technological backbone for Disney’s media business globally. The team marries technology with creativity to build world-class products, enhance storytelling, and drive velocity, innovation, and scalability for our businesses. We are ..."
be8c8614e8888198,Staff Business Data Analyst,Intuit,"San Diego, CA 92129",No,"$144,000 - $195,000 a year",,4.1,2392,Just posted,,"sql, excel",https://www.indeed.com/applystart?jk=be8c8614e8888198&from=mobvj&mvj=1&asub=mob&mobvjtk=1j51p2k2o21f3061&astse=aae775e20fe78198&assa=903&params=mobvjtk=1j51p2k2o21f3061&jk=be8c8614e8888198,"Overview Intuit is looking for an experienced and highly motivated Staff Business Data Analyst to join the Consumer Group Finance team. This person will manage the reporting tools, systems and dashboards used by the Finance team to track the financial performance of the TurboTax suite of products. The ideal candidate will have a strong background in managing Financial dashboards and other online reporting tools, be able to communicate effectively with stakeholders, and have a passion for managin..."
01c5079e77fed00d,Expert Business Performance Analyst,PG&E Corporation,"Oakland, CA 94612",No,"$122,000 - $194,000 a year",Full-time,3.8,1097,Just posted,,"sql, excel",https://www.indeed.com/applystart?jk=01c5079e77fed00d&from=mobvj&mvj=1&asub=mob&mobvjtk=1j51p2k3gge6k828&astse=506e17602989f4cf&assa=908&params=mobvjtk=1j51p2k3gge6k828&jk=01c5079e77fed00d,"Requisition ID # 167376 Job Category: Business Operations / Strategy Job Level: Individual Contributor Business Unit: Electric Engineering Work Type: Hybrid Job Location: Oakland Summary: The Operations Data Analyst extracts operations data for analysis, leadership support and responses to ad hoc data requests. The incumbent maintains operations tools & databases ensuring that it is kept up-to-date using data from various PG&E systems. He/She develops, maintains and enhances operational metric d..."
d3efb6d88fa0f473,SY 25-26 Academic Data Analyst,Savannah-Chatham County Schools,"Savannah, GA 31401",No,"$75,799 - $120,307 a year",Full-time,3.4,144,Just posted,,excel,https://www.indeed.com/applystart?jk=d3efb6d88fa0f473&from=mobvj&mvj=1&asub=mob&mobvjtk=1j51p2ld4g2up800&astse=83eda7f425623565&assa=2282&params=mobvjtk=1j51p2ld4g2up800&jk=d3efb6d88fa0f473,"PRIMARY FUNCTION: The Academic Data Analyst will serve as the primary data and program specialist supporting the Office of Instructional Excellence and its departments. This individual will lead the analysis, interpretation, reporting, and presentation of academic program data, instructional effectiveness data, formative assessment data, attendance data, and other key performance indicators. The position ensures educational return on investment (EROI) by identifying trends, conducting data analy..."
3964d07f8a46eb25,Data Analyst I,Sumitomo Rubber North America Inc,"Rancho Cucamonga, CA 91730",No,$28 - $39 an hour,,3.6,284,Just posted,,excel,https://www.indeed.com/applystart?jk=3964d07f8a46eb25&from=mobvj&mvj=1&asub=mob&mobvjtk=1j51p2m9qgqr3820&astse=c39a3228fd239149&assa=3176&params=mobvjtk=1j51p2m9qgqr3820&jk=3964d07f8a46eb25,"The Data Analyst is responsible for collecting, transforming, and loading data from external and secondary data sources. The role includes maintaining a weekly to monthly price scraping process that supports the tracking of key performance indicators (KPIs). The Data Analyst collaborates closely with Business Analysts to gather requirements for ad hoc projects and works with IT on process automation to prepare data for database integration. Additionally, the role involves validating data in Micr..."
997c51449b31d517,Data and Research Analyst,NYC HOUSING AUTHORITY,"New York, NY",No,"$90,000 - $109,000 a year",Full-time,3.7,1004,Just posted,,"python, sql, excel",https://www.indeed.com/applystart?jk=997c51449b31d517&from=mobvj&mvj=1&asub=mob&mobvjtk=1j51p2ln7i9df80t&astse=a27b2af68c3dc1ed&assa=2601&params=mobvjtk=1j51p2ln7i9df80t&jk=997c51449b31d517,"NYC HOUSING AUTHORITY Posted On: 09/13/2025 Full-Time Location NYC-ALL BOROS Exam May Be Required Department Strategic Implementation Dept Salary Range: $90,000.00 – $109,000.00 Job Description The New York City Housing Authority (NYCHA) is the nation’s largest public housing authority, with an operating budget of $3.3 billion and over 11,000 employees who manage and maintain 292 developments that house over 500,000 residents. NYCHA also operates the country’s largest Section 8 program, which pr..."
33326e754f312fe7,Senior Data Analyst,Capital One,"McLean, VA",No,,Full-time,3.9,10800,Just posted,,"python, sql, aws",https://www.indeed.com/applystart?jk=33326e754f312fe7&from=mobvj&mvj=1&asub=mob&mobvjtk=1j51p2mrt2h24009&astse=2df4c6c8caba6cba&assa=3781&params=mobvjtk=1j51p2mrt2h24009&jk=33326e754f312fe7,"Senior Data Analyst At Capital One, data is at the center of everything we do. When we launched as a startup we disrupted the credit card industry by individually personalizing every credit card offer using statistical modeling and the relational database, cutting edge technology in 1988! Fast-forward a few years, and this little innovation and our passion for data has skyrocketed us to a Fortune 200 company and a leader in the world of data-driven decision-making. As a Data Analyst at Capital O..."
8ef2e0d9b7448347,Procurement Business Analyst,Apple,"Cupertino, CA",No,$51.83 - $78.17 an hour,,4.1,13835,Just posted,,excel,https://www.indeed.com/applystart?jk=8ef2e0d9b7448347&from=mobvj&mvj=1&asub=mob&mobvjtk=1j51p2npfgedh80h&astse=d45ecfc0dfded003&assa=4705&params=mobvjtk=1j51p2npfgedh80h&jk=8ef2e0d9b7448347,"Apple Operations is looking for an analyst with experience in operations, procurement, financial analysis or project management. This is a unique opportunity to learn about product development and supply chain management at Apple, while contributing to the company’s operational excellence. The ideal candidate is a self-starter who has the ability to work independently in a fast-paced environment and has a combination of problem solving skills, business acumen & technical knowledge. Experience wi..."
2e6c5f4e452f6e0a,Jr. Business Analyst,Gallagher,"Rolling Meadows, IL 60008",No,"$68,000 - $132,500 a year",,3.1,1287,Just posted,,"excel, aws",https://www.indeed.com/applystart?jk=2e6c5f4e452f6e0a&from=mobvj&mvj=1&asub=mob&mobvjtk=1j51p39bri9st800&astse=dda3a2bc6dce5efb&assa=2682&params=mobvjtk=1j51p39bri9st800&jk=2e6c5f4e452f6e0a,"Introduction Welcome to Gallagher – a global leader in insurance, risk management, and consulting services. With a growing team of more than 52,000 professionals worldwide, we empower businesses, communities, and individuals to thrive. At Gallagher, you can build a career whether it’s with our brokerage division, our benefits and HR consulting division, or our corporate team. Experience The Gallagher Way, a culture fueled by shared values and a collective passion for excellence. Join one of our ..."
